,rmse,mean,median,std,min,max,sse
uwb-data-output.txt,0.6929443212993822,0.4860361262928545,0.3389409073369566,0.49390354965245775,0.022678542281316102,10.80370175133087,4208.706111170603
